Id,SalePrice
1461, 122697.28539092964
1462, 162367.01554476496
1463, 188073.6329733745
1464, 197999.47666634055
1465, 183385.78323179204
1466, 171147.2449827638
1467, 175305.8816004071
1468, 164053.26021821855
1469, 183060.64874715178
1470, 122547.32923908997
1471, 199400.03661779602
1472, 97826.04769247981
1473, 96563.18366736599
1474, 148804.26437386213
1475, 114712.62713706575
1476, 369876.0228204622
1477, 251685.5495012421
1478, 284365.00202574604
1479, 281004.95234090096
1480, 516281.0620527286
1481, 322621.51457368565
1482, 204006.94651514973
1483, 177599.81899456418
1484, 165951.2416755869
1485, 180522.66408855055
1486, 196678.47189261264
1487, 327669.3087118854
1488, 226920.53969350198
1489, 201589.2423667107
1490, 235505.96235189703
1491, 191541.93840780764
1492, 91842.06794024957
1493, 181484.4443418873
1494, 289643.23204617
1495, 272179.48440199683
1496, 246852.17832806567
1497, 180526.8911009984
1498, 167417.08379771013
1499, 163161.33063024818
1500, 157245.7251793527
1501, 181312.47289823028
1502, 144882.44357997493
1503, 284034.4928696387
1504, 240627.61445489415
1505, 225194.00583085945
1506, 185402.79423060437
1507, 249125.83090791572
1508, 201994.60568474024
1509, 163253.1531926926
1510, 146254.18668648676
1511, 150533.39517329802
1512, 173254.08970882848
1513, 138586.6456467214
1514, 169796.73996760036
1515, 194429.22616542398
1516, 154152.7740470954
1517, 167783.31313326213
1518, 130463.65009789896
1519, 228612.34978301966
1520, 133029.45402824765
1521, 136092.45222739447
1522, 173376.22649665878
1523, 114541.4888784549
1524, 123163.78962956586
1525, 122716.86177287217
1526, 111885.60769293219
1527, 107181.32404260844
1528, 131131.3822671552
1529, 155870.12913056219
1530, 174747.00581953928
1531, 108464.11751426678
1532, 98943.81724199124
1533, 147541.71506999803
1534, 127267.97967438347
1535, 148217.89748842243
1536, 108689.98519309727
1537, 64451.18328482915
1538, 154455.81484142787
1539, 203106.55099046667
1540, 93393.16932356409
1541, 145517.10917825566
1542, 137765.7852076709
1543, 204506.89295929307
1544, 75612.60526964565
1545, 102877.30779569506
1546, 130144.39207388324
1547, 138947.56040121056
1548, 134629.93958958116
1549, 112538.39852431719
1550, 131203.06231218984
1551, 107273.81614887099
1552, 138296.12329433832
1553, 156643.05494578634
1554, 116193.061227339
1555, 161172.5879063232
1556, 83052.82308928293
1557, 111262.87616374517
1558, 100829.64246842128
1559, 68506.46100635733
1560, 132564.75441330887
1561, 135942.14243382102
1562, 127581.34290382151
1563, 119809.88331937532
1564, 159393.51258126687
1565, 149727.06092268048
1566, 227199.04188237255
1567, 76317.76800031953
1568, 225341.06712503574
1569, 139055.0215238891
1570, 141876.2137774084
1571, 122003.91959810721
1572, 146329.37816251247
1573, 258575.4891331907
1574, 124194.03545029896
1575, 227305.1432129538
1576, 245812.41069754655
1577, 191723.98912067397
1578, 151743.06473667664
1579, 145312.17055855083
1580, 193675.15546338007
1581, 152717.70320079394
1582, 124656.95169284014
1583, 320586.49422425375
1584, 227032.16505140116
1585, 140270.76034623993
1586, 72670.80092558707
1587, 106665.55478837654
1588, 155916.2541465458
1589, 103085.29276853793
1590, 137974.13401302614
1591, 103242.36303943137
1592, 117605.1884472609
1593, 128508.98075001288
1594, 122496.46730242825
1595, 110680.10694259386
1596, 217187.44493014173
1597, 175312.13383303618
1598, 194792.29937281128
1599, 169781.36865668205
1600, 168555.68258032954
1601, 66874.56990573634
1602, 117382.16526550552
1603, 77514.41069226364
1604, 256103.9048280753
1605, 245649.22169382806
1606, 167965.8598998623
1607, 164552.58977477136
1608, 215102.7399349196
1609, 185896.3762558714
1610, 155978.1647132558
1611, 137846.74236960255
1612, 172813.55958669403
1613, 169847.7350742331
1614, 126566.39119819501
1615, 94214.68591022323
1616, 77432.49551345894
1617, 91486.43599172095
1618, 127407.52358700383
1619, 142589.36482437214
1620, 167819.75058307283
1621, 141781.04677783648
1622, 138632.19741772726
1623, 277915.3737060806
1624, 223194.5486582547
1625, 119290.24899229649
1626, 160693.1448837117
1627, 190565.32244258904
1628, 279063.4034801665
1629, 181229.06660544916
1630, 357604.6865367179
1631, 205442.55219413378
1632, 229878.3123165114
1633, 169671.24965733106
1634, 192221.5509026693
1635, 174884.6552564724
1636, 154274.24118429254
1637, 200782.05162197322
1638, 184654.01708061073
1639, 182524.14437948618
1640, 252963.9093043276
1641, 176747.6854308976
1642, 240933.31539919975
1643, 218224.8865252483
1644, 235732.68817210267
1645, 202748.21683803445
1646, 160175.67717169106
1647, 153572.3814730096
1648, 131666.74110454414
1649, 141562.23060333077
1650, 110827.69009912461
1651, 120156.89004386606
1652, 96663.44286173055
1653, 99679.41287633365
1654, 148270.87582987064
1655, 142431.53120390396
1656, 144589.65280131673
1657, 149603.45812205644
1658, 148479.34942832522
1659, 119952.65047716274
1660, 154375.2528382558
1661, 460258.50363281433
1662, 379615.57543470926
1663, 368092.1483555523
1664, 501419.6743339074
1665, 300719.8958682823
1666, 322017.6671534235
1667, 374120.3674639905
1668, 327956.8705742704
1669, 295979.18281586055
1670, 338215.24945228006
1671, 252481.84869658924
1672, 453007.9645542435
1673, 291073.31814883347
1674, 239107.68413486148
1675, 190571.87002369174
1676, 194532.58937986413
1677, 218409.40449068692
1678, 497593.3522144372
1679, 407035.0996867085
1680, 348699.4508027524
1681, 241367.48098064878
1682, 304879.4876518259
1683, 175904.10246168287
1684, 172391.5829855864
1685, 169017.64431668373
1686, 169575.71098077722
1687, 164435.22898528943
1688, 193335.11241133854
1689, 193730.21274067732
1690, 193740.3067651084
1691, 182461.07658579727
1692, 263848.96465674485
1693, 164719.0383648829
1694, 180341.86839278636
1695, 165408.27049427843
1696, 271636.2462983917
1697, 168486.95243751456
1698, 357670.5463466041
1699, 306870.3966487633
1700, 247870.26729752708
1701, 257862.24986370836
1702, 243522.77413403586
1703, 241907.75260215093
1704, 275424.90270875575
1705, 229008.56142889473
1706, 449559.0205639923
1707, 217721.90230713887
1708, 205024.5905397677
1709, 268033.8651197425
1710, 221481.43865414857
1711, 267696.06673307135
1712, 258378.5143458676
1713, 282469.3505237278
1714, 226221.1335189315
1715, 208662.41236787822
1716, 185333.09765342434
1717, 172731.60476457496
1718, 137764.98960877664
1719, 204109.49717891237
1720, 244042.76249179975
1721, 162916.9435787696
1722, 129625.66577553975
1723, 153941.80832460034
1724, 210912.24409442334
1725, 239364.43102717964
1726, 190247.8825703572
1727, 161000.10972529676
1728, 173901.80213515295
1729, 167244.98476588342
1730, 156532.2509800754
1731, 117635.28178191515
1732, 128327.45640265061
1733, 115212.38794092262
1734, 123413.11153860747
1735, 129578.99600435702
1736, 112101.28455436813
1737, 297790.12217306404
1738, 230186.08018728177
1739, 247814.7047605677
1740, 226576.06599439334
1741, 195388.76974357528
1742, 177022.95226530262
1743, 177253.58006491422
1744, 321603.77635735547
1745, 221127.9639824355
1746, 170167.15231764293
1747, 218327.01025390244
1748, 226943.66836776253
1749, 152970.9401753867
1750, 123808.36136834946
1751, 250436.0847551419
1752, 118412.95277122101
1753, 148117.44843870922
1754, 189246.33434906305
1755, 168125.357361887
1756, 125430.52038715433
1757, 122029.40753753654
1758, 144575.86562586395
1759, 160439.97755867447
1760, 166230.01965913377
1761, 142972.08778772753
1762, 174979.64340939725
1763, 177399.67505312152
1764, 115324.14377236161
1765, 150675.28107139564
1766, 183519.5063025968
1767, 223026.76751844698
1768, 144890.97136770657
1769, 171324.4958286929
1770, 151888.1846627472
1771, 123450.4309759004
1772, 135322.43234750224
1773, 130667.21030069706
1774, 138172.914884729
1775, 140793.07379047366
1776, 127582.87286068508
1777, 116792.54624289929
1778, 143784.72020752451
1779, 124845.50909921866
1780, 176408.1143389037
1781, 127719.12884124814
1782, 86893.72831974112
1783, 146040.22794905992
1784, 115309.98057471035
1785, 128966.43960483909
1786, 137255.6886817341
1787, 163179.9059197498
1788, 60433.36456166866
1789, 100308.83027138365
1790, 79992.22036159453
1791, 175676.48162825403
1792, 159807.33483096334
1793, 130299.56207696929
1794, 153525.77403622374
1795, 135380.76729447045
1796, 128676.22231336319
1797, 109883.10562044308
1798, 125900.05479831807
1799, 110127.58884269008
1800, 135443.9688316409
1801, 125665.23355641768
1802, 126647.0301635392
1803, 145967.7933815267
1804, 141813.460997099
1805, 134488.58210755928
1806, 127372.35473041038
1807, 123346.43880933092
1808, 124824.42253894542
1809, 132203.95326066864
1810, 151573.9879094973
1811, 94823.95669543152
1812, 99308.1755022317
1813, 133460.0082454673
1814, 102801.61043813685
1815, 56509.82393489476
1816, 105276.99066980371
1817, 112306.24514947538
1818, 146048.69327401358
1819, 124559.48075125836
1820, 58101.62996389671
1821, 113113.26209105477
1822, 150239.22350342726
1823, 46133.558785525165
1824, 133071.52061235887
1825, 135108.4698547798
1826, 103612.08122069607
1827, 98389.1644141391
1828, 126029.80990165102
1829, 108437.6091152568
1830, 148142.02400227718
1831, 145038.76579889862
1832, 74340.82399839803
1833, 137634.93996715406
1834, 124818.5103010212
1835, 129576.18088023955
1836, 125512.19648914496
1837, 94833.02575541231
1838, 123172.51767490618
1839, 93699.78549492764
1840, 163835.21776861497
1841, 147057.5082015551
1842, 93072.6883031652
1843, 127592.99603449239
1844, 137150.33139549525
1845, 136758.99579647277
1846, 151872.8606123055
1847, 163449.73612439283
1848, 57847.834230845634
1849, 109496.8465272178
1850, 120355.50918897841
1851, 162535.81977832285
1852, 130394.91918265952
1853, 140049.73827997615
1854, 170170.3112033398
1855, 145880.11852066236
1856, 224658.51709645783
1857, 149711.11899949625
1858, 137476.533617799
1859, 122542.41489596656
1860, 150794.60450902453
1861, 121788.49856839435
1862, 299672.6905084263
1863, 281281.7759776505
1864, 281674.9245415886
1865, 350820.1951313319
1866, 344701.94623609143
1867, 229401.80523782782
1868, 303817.3159418719
1869, 202875.82074944238
1870, 231386.25272815925
1871, 258100.4194448692
1872, 172438.23094997893
1873, 232329.73172314477
1874, 144513.5620437274
1875, 201073.66533434874
1876, 198273.89585389124
1877, 209864.96841249007
1878, 201967.15988770453
1879, 129863.00989745917
1880, 131324.5200500268
1881, 249547.83085520184
1882, 245029.07622626814
1883, 189702.4947997234
1884, 206245.0374069284
1885, 238782.2300376467
1886, 293714.30111284857
1887, 206867.26002291034
1888, 275172.98177877715
1889, 163617.2117182023
1890, 123591.86781176057
1891, 128291.57559786116
1892, 107771.11346349414
1893, 136060.53054164705
1894, 127935.90841324553
1895, 137862.02589301145
1896, 132975.41412615508
1897, 117032.38120587473
1898, 109140.31862399915
1899, 144822.42813997535
1900, 135123.95873110497
1901, 168105.2319638047
1902, 139435.09070911066
1903, 206373.9886988631
1904, 134800.17305710143
1905, 178030.42217255055
1906, 132883.58484933779
1907, 181745.89278521642
1908, 108534.99981642058
1909, 131236.08873220507
1910, 116670.00701602375
1911, 198397.25675134637
1912, 318421.3556906198
1913, 139816.75916643225
1914, 54584.22896520742
1915, 333204.339155143
1916, 71898.38485466162
1917, 244896.44862357454
1918, 140842.95177124455
1919, 178654.77836344964
1920, 153472.936105195
1921, 436939.4326214172
1922, 339500.61055741174
1923, 229411.45543433848
1924, 235413.11058624455
1925, 198080.421929709
1926, 416235.61436502397
1927, 133512.5216069249
1928, 159571.41800563005
1929, 120279.6496967847
1930, 133503.9875938497
1931, 146139.30026231727
1932, 140960.52917386944
1933, 197663.7680375946
1934, 179303.8675336882
1935, 174843.13633659045
1936, 191811.01180550203
1937, 184171.0907463383
1938, 174536.76236659326
1939, 228956.96688425797
1940, 180441.74852186986
1941, 171362.708114075
1942, 183007.88805765382
1943, 208152.7612033347
1944, 359706.0553574538
1945, 387329.2261882741
1946, 149802.9474405861
1947, 317729.393509134
1948, 169348.61875657976
1949, 247398.97633341723
1950, 183953.36425024513
1951, 251971.29251766184
1952, 204988.4324046857
1953, 169617.71073797147
1954, 185113.88172179714
1955, 133172.4585877986
1956, 307421.52788533317
1957, 155192.1014232286
1958, 306881.13404191786
1959, 139554.1615608226
1960, 114144.05805520185
1961, 122961.13215568085
1962, 96782.83110636889
1963, 103686.45489100186
1964, 109379.82128515403
1965, 147386.6232723201
1966, 137324.38559394534
1967, 292349.64433133794
1968, 433354.8642756046
1969, 389074.6637753918
1970, 442826.76490590855
1971, 470656.1555881392
1972, 385789.2245254474
1973, 255294.40740422183
1974, 322413.099235069
1975, 513505.62127769465
1976, 268120.3505851463
1977, 370531.3055034406
1978, 369914.86034012877
1979, 332133.7075059198
1980, 202541.38631149975
1981, 353503.4880340766
1982, 222360.91937980824
1983, 205647.73284401192
1984, 165461.08152554015
1985, 231081.39988709948
1986, 215504.42858406674
1987, 179008.43589567125
1988, 176627.83197979417
1989, 193332.75834385233
1990, 217541.65368471618
1991, 232046.30438322845
1992, 218208.5890031027
1993, 169221.59316540405
1994, 230722.3403312429
1995, 185262.10508821963
1996, 240783.19365969175
1997, 307915.95900922525
1998, 328140.5819762199
1999, 266037.75571363023
2000, 309276.11043829157
2001, 267806.55255710054
2002, 235432.7549041403
2003, 255182.03029664897
2004, 279229.2652493385
2005, 211866.92582349473
2006, 223829.37354839715
2007, 241000.86176094957
2008, 221905.72677296383
2009, 199419.94766871855
2010, 190460.82470465353
2011, 142649.67701107144
2012, 176300.2562520708
2013, 181901.17740227058
2014, 186780.6977700836
2015, 206288.50804726058
2016, 196645.85925153174
2017, 195301.66751032273
2018, 122526.90037906243
2019, 134868.61953307374
2020, 105446.34729265909
2021, 107800.877276324
2022, 180274.521581147
2023, 148815.06225607067
2024, 253799.59929886158
2025, 341719.56249331543
2026, 175004.13508431814
2027, 159953.8070268079
2028, 148600.29661017493
2029, 169039.29847441922
2030, 274980.09094237507
2031, 236314.25174539455
2032, 257549.03100213633
2033, 259533.67049919956
2034, 162746.71078449566
2035, 216357.28703144414
2036, 198445.54859626843
2037, 205076.0482604687
2038, 315136.60237069597
2039, 225971.26730416887
2040, 276738.47374695895
2041, 292406.8322921556
2042, 205628.41167981204
2043, 173748.10641957115
2044, 166878.85974733607
2045, 207197.46858226485
2046, 143399.41857136638
2047, 144963.64849102177
2048, 138365.16710433684
2049, 137954.9952784054
2050, 175894.96558780284
2051, 109270.34461267186
2052, 126178.14031723037
2053, 146998.80405062388
2054, 86765.94704171007
2055, 159440.56156875304
2056, 141600.92193389114
2057, 111082.52157355928
2058, 224546.6340667171
2059, 135052.9046177011
2060, 175787.66771949563
2061, 170467.41232971876
2062, 131880.9598470261
2063, 117633.57439625582
2064, 146926.44650575134
2065, 121987.97222417848
2066, 162365.75594346278
2067, 108820.79142401452
2068, 139228.76884396415
2069, 88575.72427593631
2070, 115768.53049496839
2071, 96190.51609777835
2072, 141161.84825787094
2073, 134995.63043560297
2074, 181434.45280880152
2075, 145022.54701211225
2076, 120499.60201892727
2077, 157988.35415038452
2078, 129394.02837683394
2079, 128655.29842274806
2080, 123722.92099279077
2081, 126302.60305832462
2082, 127784.6210892945
2083, 146634.96506541848
2084, 109956.87729278617
2085, 121533.8230965016
2086, 103594.54707712115
2087, 117181.36858779228
2088, 91664.89356468504
2089, 80364.27707693401
2090, 131987.93491161172
2091, 122495.22464675186
2092, 125186.05371982738
2093, 118657.66385779524
2094, 120408.54149101618
2095, 150464.45796053452
2096, 82452.63110458059
2097, 103518.70936497764
2098, 154496.21272297812
2099, 52549.343895580285
2100, 79397.27612638468
2101, 118503.43597251328
2102, 122761.62420686454
2103, 109008.90502416446
2104, 128369.72198593953
2105, 137814.59181615105
2106, 68034.9861873335
2107, 200346.5347297979
2108, 117987.37573025937
2109, 112462.3040712633
2110, 126236.72573776299
2111, 136774.318409242
2112, 138988.4525929184
2113, 119852.03300072256
2114, 112780.7014248561
2115, 154589.89715821922
2116, 115019.78655987687
2117, 142718.16635428515
2118, 119768.63018593089
2119, 108408.28528496933
2120, 106773.42193917013
2121, 101521.05380216504
2122, 108923.16601821494
2123, 84484.09372816037
2124, 147410.7091276702
2125, 122872.64780961441
2126, 143443.1740038148
2127, 157669.10723781737
2128, 129046.98971567806
2129, 96477.46439308063
2130, 140226.93994531294
2131, 141450.51991638826
2132, 114942.0904552574
2133, 122520.8478369948
2134, 123302.06182314406
2135, 94518.00084560024
2136, 76375.34952354216
2137, 113126.98402241473
2138, 131435.8564143625
2139, 150760.05303749532
2140, 137920.63559347863
2141, 149593.45389335722
2142, 128412.27463626968
2143, 152006.75850827002
2144, 126087.47820083737
2145, 135767.78119255768
2146, 165122.25019656957
2147, 134437.35954033677
2148, 136053.32625199435
2149, 144170.41789972744
2150, 218468.16724051407
2151, 117397.18166007323
2152, 180263.07499227973
2153, 160512.95064671978
2154, 110708.13519876104
2155, 146257.42335139273
2156, 260616.44471384943
2157, 230685.1474634655
2158, 243571.2525304055
2159, 204701.51501310378
2160, 174906.85414387775
2161, 238155.7632496991
2162, 418189.85788693686
2163, 366100.31884257356
2164, 258748.25164421726
2165, 204448.6976898425
2166, 149552.84384961342
2167, 219511.99657787164
2168, 201544.80477283619
2169, 196840.74743150713
2170, 223140.49499375283
2171, 152811.9507376916
2172, 130959.2152468752
2173, 159767.7736829448
2174, 224722.15402603964
2175, 304660.3910874705
2176, 321517.67758716486
2177, 241178.10209693966
2178, 207049.75086486654
2179, 140005.68378950225
2180, 216747.49086281774
2181, 190438.3731715627
2182, 226989.25791264148
2183, 189756.52762206987
2184, 123418.29747777872
2185, 124339.25218486918
2186, 149612.38781798817
2187, 158166.09044154233
2188, 159438.2982312971
2189, 253873.71391059307
2190, 88522.22531663191
2191, 87495.07986803373
2192, 93983.54283770335
2193, 114275.2956445939
2194, 114486.38950653991
2195, 114385.75866883216
2196, 102086.01937896582
2197, 128019.02923180444
2198, 160529.86435992387
2199, 182368.19840132794
2200, 140809.58089792615
2201, 134037.45071365059
2202, 210134.87760239915
2203, 131244.88088624526
2204, 167324.0171137619
2205, 111781.55707396209
2206, 129060.23959651457
2207, 220088.97726838512
2208, 243887.81433258636
2209, 231434.92021148163
2210, 120104.9275432776
2211, 115267.83495960606
2212, 118642.4005745376
2213, 111021.89459171545
2214, 128575.2115958317
2215, 102278.47463201
2216, 147746.71296082335
2217, 70689.50473561909
2218, 74783.99298768557
2219, 70179.85496395628
2220, 74786.96180498032
2221, 334119.9858845343
2222, 278657.6450587016
2223, 297607.6866777583
2224, 215941.14941826466
2225, 120733.06866026226
2226, 188582.51762115702
2227, 203119.79564860094
2228, 280301.0151935919
2229, 250413.23144357605
2230, 154123.31235411164
2231, 218110.82806003102
2232, 183999.94628448816
2233, 175770.08215323
2234, 239606.7366752792
2235, 228286.2690464758
2236, 261394.53203490074
2237, 335335.0221178672
2238, 201582.92498351974
2239, 118062.73012271334
2240, 159143.12538679483
2241, 158350.85134926587
2242, 128615.31242578547
2243, 129323.42887978404
2244, 103206.17013452394
2245, 100224.94202967583
2246, 144939.27721322488
2247, 116001.58645001805
2248, 123807.78626319404
2249, 121874.70604172975
2250, 133106.22572739306
2251, 118225.22301544745
2252, 176818.97339988634
2253, 153266.54613358917
2254, 176203.97753945136
2255, 187156.61673910124
2256, 177393.28159316772
2257, 203629.56356365146
2258, 163156.2146905797
2259, 178558.13964027906
2260, 152850.63888536327
2261, 182432.57877230132
2262, 205222.60031371645
2263, 371050.5502225102
2264, 464523.0820978354
2265, 164987.69999801493
2266, 303580.3032198783
2267, 362739.2802865321
2268, 423742.22559981386
2269, 148314.06927890977
2270, 196874.2082518079
2271, 217103.24346007293
2272, 195519.2647653803
2273, 166041.34489929213
2274, 183811.50967931945
2275, 163270.57009541857
2276, 195969.1038521925
2277, 188312.67789393902
2278, 148564.65183046085
2279, 129468.57777460953
2280, 114340.19389810834
2281, 176080.8691926162
2282, 198493.69878595046
2283, 105123.97730369595
2284, 111210.81990986055
2285, 137444.28093936018
2286, 122967.55875081335
2287, 370394.20201271743
2288, 268203.17729833757
2289, 384500.25688668806
2290, 477102.82851020404
2291, 326672.9392103751
2292, 446477.89850668446
2293, 507170.9835173205
2294, 428351.4819497022
2295, 486080.8810497351
2296, 286827.3726639546
2297, 335913.16592760617
2298, 346712.5677398714
2299, 384228.73969415494
2300, 328287.3223761609
2301, 295841.2825794463
2302, 242018.1240187594
2303, 238071.97541111812
2304, 240268.8716236588
2305, 187876.88767629446
2306, 183835.5091972456
2307, 194650.1951862443
2308, 225042.14592712643
2309, 280431.9263220336
2310, 214815.76998296674
2311, 194489.8834328468
2312, 172007.48282744942
2313, 172549.4003139495
2314, 168959.81208562627
2315, 178056.6939848485
2316, 188773.7755994763
2317, 187207.74564912575
2318, 180865.69704337633
2319, 181575.1125145263
2320, 184425.75912209935
2321, 244412.54853921142
2322, 172306.23505382333
2323, 190005.71843365734
2324, 171774.17387709592
2325, 209831.79014274126
2326, 170884.34781200683
2327, 209477.3611636021
2328, 227827.29207372683
2329, 189240.96202246798
2330, 179699.90661173424
2331, 361784.53738342476
2332, 388152.2465829157
2333, 308154.46588230995
2334, 247047.71414475603
2335, 267730.7371032165
2336, 312143.6120985935
2337, 193999.86799617088
2338, 267622.49756436684
2339, 210653.12381325648
2340, 407585.1012216641
2341, 214055.30799648995
2342, 226099.10912217564
2343, 223006.0826303698
2344, 211674.72972745352
2345, 233873.88128546352
2346, 213960.43300212288
2347, 199103.20667387208
2348, 238880.79407156535
2349, 180737.4681487862
2350, 310097.29290268285
2351, 261534.5661132156
2352, 252861.31340969444
2353, 249461.31069529362
2354, 140727.2159945106
2355, 149221.47760711645
2356, 152258.1690936655
2357, 193110.4420048294
2358, 199847.2238881134
2359, 129883.99307448484
2360, 115603.02646567386
2361, 142113.11000075747
2362, 262161.5189146454
2363, 136504.34043646156
2364, 155906.740842796
2365, 219515.41629198723
2366, 195755.9575129158
2367, 223194.23413558805
2368, 217938.19498352436
2369, 221132.83430756212
2370, 170247.26556501855
2371, 169730.65971700076
2372, 193608.6046123983
2373, 282960.05416423135
2374, 325908.5586363529
2375, 256767.74214190908
2376, 285880.42332174367
2377, 349590.48425421125
2378, 152610.7998759085
2379, 204310.73275758894
2380, 149837.7381368481
2381, 168832.64782631394
2382, 201999.91903161668
2383, 204887.70595624088
2384, 249678.76212935598
2385, 161400.2177476989
2386, 132319.01303857166
2387, 135386.20861266184
2388, 100033.27334739213
2389, 123550.46891795544
2390, 155997.32838228624
2391, 145053.77837557244
2392, 115764.60663744637
2393, 171743.0980964553
2394, 144052.541020053
2395, 211295.43233394242
2396, 146817.95630713092
2397, 217298.8030288117
2398, 134042.03666433206
2399, 60084.98133605323
2400, 63493.66745449288
2401, 119435.42249780815
2402, 137177.30523043935
2403, 140340.45438539342
2404, 148818.81839275375
2405, 161327.8716308439
2406, 140249.0464988162
2407, 125786.12788062946
2408, 140838.85841696948
2409, 121969.78005167916
2410, 165394.16538418373
2411, 116593.28633338788
2412, 155351.36255178566
2413, 131470.5113744607
2414, 157627.90470098302
2415, 130601.75393816576
2416, 128218.61004899578
2417, 132133.2770738093
2418, 133149.66067561082
2419, 126469.02911482855
2420, 128238.73251325567
2421, 142873.18547309207
2422, 111258.5890974557
2423, 125210.65150351702
2424, 156260.6010735964
2425, 209115.7869995167
2426, 131742.53826775195
2427, 142653.10533683922
2428, 179583.0541789691
2429, 115416.14057851744
2430, 130639.34317277062
2431, 107434.39294213922
2432, 147744.14920764905
2433, 146881.42419364722
2434, 137642.4492290711
2435, 152294.60444633765
2436, 112190.3146006035
2437, 106991.19278318965
2438, 126909.05635365447
2439, 106089.09188485057
2440, 120211.66844704721
2441, 92335.35228073057
2442, 97747.92071276715
2443, 124497.18950141696
2444, 130201.81289935404
2445, 86863.43833904945
2446, 135095.52282090645
2447, 184673.52519352298
2448, 128940.37489371466
2449, 109287.986086322
2450, 151340.25419767233
2451, 124680.97917779243
2452, 205510.05258734815
2453, 91341.43947596627
2454, 123796.95625720806
2455, 112635.78384812607
2456, 137549.25713901702
2457, 132157.7211244477
2458, 120687.76347942214
2459, 109670.73662238447
2460, 132916.70229260737
2461, 122115.4932372283
2462, 130500.64668311579
2463, 122382.24056574762
2464, 172999.82883391544
2465, 135584.62091512507
2466, 114928.58690448708
2467, 135999.69097592332
2468, 89790.20183555395
2469, 86447.42591478446
2470, 180752.34668387467
2471, 216560.26080867217
2472, 154522.52100563742
2473, 118739.61173143305
2474, 84180.77026827165
2475, 215169.722936001
2476, 117125.24494940539
2477, 127173.70379354391
2478, 153044.94834530918
2479, 106604.9462367095
2480, 154558.62184433325
2481, 121498.94145931657
2482, 126002.05449691489
2483, 109413.48342525598
2484, 120245.28079087133
2485, 127803.11448691603
2486, 161947.83614222574
2487, 174447.05525841814
2488, 169941.14278854136
2489, 148828.17108821543
2490, 150909.78399059086
2491, 87877.62593611657
2492, 187792.30396672123
2493, 153219.57201748958
2494, 149855.64095155394
2495, 85027.49704857958
2496, 234621.94287477157
2497, 152773.35038031611
2498, 113459.19864438212
2499, 97033.77449778351
2500, 135794.81608399074
2501, 146741.57396144472
2502, 148340.30053374887
2503, 98183.74600856662
2504, 172345.0457597691
2505, 232012.34773883183
2506, 257834.2953055833
2507, 290152.71923233976
2508, 256562.91593944756
2509, 219861.99432591093
2510, 220098.89844712312
2511, 173999.5372878253
2512, 208611.57841319175
2513, 220693.41560744846
2514, 260378.46168331476
2515, 154449.13984319675
2516, 171713.86977837665
2517, 143118.7595771382
2518, 151174.03951036657
2519, 234259.75560046412
2520, 220898.59288878154
2521, 187197.1969091259
2522, 224388.9007558457
2523, 117728.83538298664
2524, 138209.21061656857
2525, 148830.14668391057
2526, 136585.24465416852
2527, 112282.70926405842
2528, 129697.22453096026
2529, 136181.02682078426
2530, 120255.13497461546
2531, 253989.87078564265
2532, 225090.73178192097
2533, 196641.2713412884
2534, 227683.63938010595
2535, 305514.01487660926
2536, 237922.93263478775
2537, 237010.68067436814
2538, 182683.36741317634
2539, 185855.97222006528
2540, 179705.97870153628
2541, 180900.5376573871
2542, 164726.83558943903
2543, 128169.91497564821
2544, 126476.02374580348
2545, 141661.99722860995
2546, 130828.4513661059
2547, 144746.48358212397
2548, 153431.41777876092
2549, 164947.0285034504
2550, 879531.2883772312
2551, 140320.9194685527
2552, 135990.68797904736
2553, 82596.79138395618
2554, 105399.65923627304
2555, 128097.78886356992
2556, 103253.32594186047
2557, 111802.59272092117
2558, 157282.403010931
2559, 130797.58195509146
2560, 144759.50428273078
2561, 132876.0380015374
2562, 132109.62903668205
2563, 143238.99595517892
2564, 192171.52611644976
2565, 134991.97281602668
2566, 152518.65192156672
2567, 125580.22061492444
2568, 186880.68993123044
2569, 207545.8854720771
2570, 117567.41117997661
2571, 174884.90868504668
2572, 144457.02054750107
2573, 210382.21602280933
2574, 253881.82754890347
2575, 135679.73584733886
2576, 118882.12098499846
2577, 162582.54899801093
2578, 83607.50142370586
2579, 68785.42167803508
2580, 99683.3374434482
2581, 102198.21849849234
2582, 108904.71409475215
2583, 282840.23354320077
2584, 178887.50981700158
2585, 194297.89194832023
2586, 218688.9093872796
2587, 198927.5042859932
2588, 146078.72760970454
2589, 152589.04275962734
2590, 211467.89067539622
2591, 208851.35447657894
2592, 218586.4890821667
2593, 254232.00733469293
2594, 172876.1036862043
2595, 204419.9109826867
2596, 300947.13592997275
2597, 188117.32285477786
2598, 286894.89423898904
2599, 354360.1805214843
2600, 138295.4954421831
2601, 145424.1010009116
2602, 82153.75461543095
2603, 95026.43257685639
2604, 92637.17917632125
2605, 78906.67856072594
2606, 150779.9885831585
2607, 202993.96620723547
2608, 197627.09934221505
2609, 170799.02492245904
2610, 118655.78941472247
2611, 126121.37056272382
2612, 160893.34830604325
2613, 130178.4059746946
2614, 127157.88271950817
2615, 154375.34545694295
2616, 145422.692712357
2617, 182868.02897478014
2618, 207853.70683094248
2619, 194708.63702813123
2620, 183815.35789602698
2621, 178170.10092110478
2622, 179332.63196895967
2623, 242821.5837570648
2624, 324904.5245827421
2625, 294000.236953532
2626, 173423.90443520786
2627, 154801.68566548693
2628, 519152.3182063662
2629, 519579.58577156207
2630, 363525.77449746826
2631, 487926.72497342364
2632, 423963.2443577521
2633, 311439.33623441047
2634, 415789.8393165996
2635, 157062.65516673334
2636, 175555.29391628623
2637, 187616.95833491077
2638, 255833.63129247233
2639, 184924.46824010028
2640, 152737.79844631394
2641, 104615.35578498871
2642, 199930.76072344207
2643, 101257.24497825521
2644, 122440.51096997656
2645, 107918.17168001973
2646, 97184.50643376244
2647, 103718.74280892358
2648, 139371.19284876494
2649, 149677.67422843358
2650, 133320.99675358558
2651, 144101.19781097365
2652, 428718.83296403853
2653, 242423.25703797364
2654, 255062.016727286
2655, 417364.34118378354
2656, 320982.7183083527
2657, 350839.79127063556
2658, 295299.3143784206
2659, 302640.87765656575
2660, 382154.12845647417
2661, 350056.75616933516
2662, 376044.2844305289
2663, 292814.9198722353
2664, 273719.70148690516
2665, 328371.1304266097
2666, 284393.5853943851
2667, 168646.59965562372
2668, 179094.09580626737
2669, 181966.00946536136
2670, 271740.929443104
2671, 184740.90347595565
2672, 194982.55698807826
2673, 207875.16701200625
2674, 202782.83090154818
2675, 173665.514131151
2676, 189029.51969806378
2677, 198730.565903086
2678, 244105.0339353734
2679, 269494.7678903505
2680, 277441.85816129955
2681, 404850.462320867
2682, 313129.00613657985
2683, 537924.906880885
2684, 307099.5196080709
2685, 319673.3867673453
2686, 255031.68811503053
2687, 321329.1245531378
2688, 207138.5656779537
2689, 203328.78000026484
2690, 476330.7514123457
2691, 191357.3496262324
2692, 140115.82132726075
2693, 196310.9187879042
2694, 136929.41357765778
2695, 193484.57929500513
2696, 185308.04624328064
2697, 187402.207993449
2698, 196127.77724148575
2699, 178442.41322250542
2700, 160078.52553906897
2701, 148301.30890317212
2702, 111134.54126262871
2703, 121196.53627398805
2704, 140000.4200008609
2705, 116889.37954277555
2706, 112538.66339137746
2707, 122991.48607577778
2708, 134346.02632834573
2709, 113135.56204581156
2710, 125776.0885081254
2711, 266841.50117549946
2712, 408473.1365031581
2713, 170295.46213127256
2714, 149141.8098741773
2715, 174259.17190267998
2716, 141837.6503188359
2717, 193218.94074343966
2718, 219618.53718278624
2719, 160204.71852495824
2720, 172783.5827582886
2721, 136638.24031976578
2722, 162037.9514218588
2723, 140436.69413117206
2724, 127899.93269603077
2725, 131595.331095983
2726, 152206.39603234144
2727, 187175.8361255721
2728, 179260.31041992293
2729, 149582.6237907558
2730, 147143.1095095756
2731, 132055.9927703639
2732, 132497.67671808362
2733, 162040.81710926036
2734, 146461.89655188695
2735, 140065.57485188762
2736, 149932.80666164713
2737, 125419.22148629869
2738, 133538.48755651305
2739, 160811.36953111133
2740, 141074.64308880584
2741, 148578.9975431454
2742, 155724.6038913165
2743, 153502.8683348108
2744, 157282.77182680747
2745, 138006.38358534148
2746, 138938.681840292
2747, 148000.71231255188
2748, 126968.20717814106
2749, 128955.20275768249
2750, 133242.93227911924
2751, 135455.13607807414
2752, 197119.62753024546
2753, 146243.09331969288
2754, 218195.8836128783
2755, 133718.62513696923
2756, 94491.8550363262
2757, 63670.725092885805
2758, 89637.56467151083
2759, 168457.16924839196
2760, 126550.85250820463
2761, 144884.45969382144
2762, 141270.45080953452
2763, 184006.192352178
2764, 147582.9812955786
2765, 297807.557054428
2766, 122755.41001994706
2767, 93002.80665340385
2768, 134258.5474694482
2769, 133691.24332834053
2770, 133229.5942144408
2771, 107684.35207516338
2772, 113336.29449552995
2773, 173036.24902716136
2774, 146438.03329728698
2775, 121434.63339604362
2776, 140859.34115630662
2777, 149119.91435607563
2778, 102484.05092135924
2779, 123378.28129133685
2780, 93421.4661450158
2781, 97408.97364639369
2782, 100979.25093569055
2783, 102662.97332788496
2784, 121799.18443250148
2785, 141132.5429408037
2786, 68102.16323972467
2787, 123193.67298310476
2788, 78715.07848030276
2789, 174394.2145485547
2790, 95583.88834896826
2791, 112163.74788261985
2792, 60909.86839277138
2793, 155538.6560295326
2794, 92972.79498121294
2795, 119085.55302578112
2796, 99814.08033961449
2797, 208137.7480696626
2798, 105783.00517419628
2799, 120289.52305476718
2800, 68746.22688210352
2801, 107344.99818692924
2802, 135684.50696658532
2803, 160486.910344779
2804, 135806.707922869
2805, 104998.527884052
2806, 82886.76486337991
2807, 156444.63589753193
2808, 148168.4791747429
2809, 135581.5467672861
2810, 129824.9608291471
2811, 160540.18316316343
2812, 160513.15766943843
2813, 153569.2782031574
2814, 152839.20608430702
2815, 103806.43005215733
2816, 232584.58552167326
2817, 148949.3509073109
2818, 133432.97993712718
2819, 163651.9102331188
2820, 142120.69368935426
2821, 115803.5912612864
2822, 205702.97243720957
2823, 347967.07140583254
2824, 188878.09791362748
2825, 153476.26879785294
2826, 139239.25534020067
2827, 136648.83343150266
2828, 221940.2725071868
2829, 207401.58836847107
2830, 235312.45057104394
2831, 176031.31318955106
2832, 256314.9630868233
2833, 319428.3291168887
2834, 218707.82469566798
2835, 223009.56317011194
2836, 192336.78634817133
2837, 148553.5134576765
2838, 151232.21924570762
2839, 179709.5705340516
2840, 201274.22035668185
2841, 203437.25964205284
2842, 231598.239960675
2843, 149526.5983064591
2844, 155863.65541735908
2845, 122474.99005626586
2846, 212465.1089692307
2847, 204887.39359062954
2848, 216174.77286017357
2849, 200696.87477047858
2850, 274329.24775348505
2851, 218862.9437506205
2852, 227559.8049461329
2853, 240435.9347428256
2854, 139091.6726107369
2855, 200889.5377311844
2856, 198933.53671966144
2857, 186384.49938146264
2858, 200163.2434157135
2859, 121655.04092556715
2860, 136473.56516778938
2861, 130771.70182420906
2862, 206706.2052636934
2863, 137680.00751793897
2864, 251917.01800143247
2865, 140108.03498856229
2866, 138093.8111395815
2867, 102882.64070038515
2868, 103471.94071828522
2869, 110819.40046619446
2870, 125237.21447178806
2871, 95312.67357837586
2872, 54598.47566437924
2873, 105213.50950977833
2874, 141420.0527116367
2875, 117430.22027900735
2876, 168248.90114946474
2877, 154418.09507373616
2878, 159382.58527044268
2879, 141841.32894692663
2880, 104398.92717426764
2881, 133289.64524722262
2882, 165518.1604396886
2883, 185509.2676548148
2884, 190264.9151818586
2885, 175315.63094373746
2886, 220843.3616003205
2887, 96460.4636782317
2888, 140129.8912853851
2889, 60455.8583296425
2890, 82936.23420280055
2891, 135033.76648126158
2892, 46215.57275853886
2893, 73538.79187706695
2894, 57222.866593583465
2895, 341789.9850108512
2896, 282185.681632281
2897, 205640.2694182699
2898, 144403.3142172583
2899, 212683.32171719157
2900, 160078.73214976085
2901, 211692.4386496508
2902, 177355.60766372544
2903, 350121.89426749176
2904, 370406.2924121844
2905, 84335.62683503084
2906, 200272.9258938532
2907, 113738.55073105558
2908, 132811.9174439665
2909, 143751.31765286057
2910, 82571.11909003052
2911, 82713.55269345376
2912, 144781.70099859007
2913, 82157.63360161771
2914, 79818.38406665633
2915, 87346.33100378462
2916, 81988.36590684696
2917, 165793.72798182708
2918, 123884.54788745921
2919, 219642.99743419088
